Gender,Married,Dependents,Education,Self_Employed,Loan_Amount_Term,Credit_History,Loan_Status,Property_Area_Rural,Property_Area_Semiurban,Property_Area_Urban,Log_Total_Income,Log_LoanAmount,EMI,Balance_Income
1,0,0,0,0,360.0,1.0,1,0.0,0.0,1.0,8.674196940225903,4.859812404361672,0.35555555555555557,5848.644444444444
1,1,1,0,0,360.0,1.0,0,1.0,0.0,0.0,8.714731714015052,4.859812404361672,0.35555555555555557,6090.644444444444
1,1,0,0,1,360.0,1.0,1,0.0,0.0,1.0,8.006700845440367,4.204692619390966,0.18333333333333332,2999.8166666666666
1,1,0,1,0,360.0,1.0,1,0.0,0.0,1.0,8.505525386548555,4.795790545596741,0.3333333333333333,4940.666666666667
1,0,0,0,0,360.0,1.0,1,0.0,0.0,1.0,8.699681400989514,4.955827057601261,0.39166666666666666,5999.608333333334
1,1,2,0,1,360.0,1.0,1,0.0,0.0,1.0,9.170975648453906,5.5909869805108565,0.7416666666666667,9612.258333333333
1,1,0,1,0,360.0,1.0,1,0.0,0.0,1.0,8.25582842728183,4.564348191467836,0.2638888888888889,3848.7361111111113
1,1,3,0,0,360.0,0.0,0,0.0,1.0,0.0,8.61993026886735,5.0689042022202315,0.4388888888888889,5539.561111111111
1,1,2,0,0,360.0,1.0,1,0.0,0.0,1.0,8.618485442898109,5.1298987149230735,0.4666666666666667,5531.533333333334
1,1,1,0,0,360.0,1.0,0,0.0,1.0,0.0,10.077860939480908,5.857933154483459,0.9694444444444444,23808.030555555557
1,1,2,0,0,360.0,1.0,1,0.0,0.0,1.0,8.268988209506656,4.2626798770413155,0.19444444444444445,3899.8055555555557
1,1,2,0,0,360.0,1.0,1,0.0,0.0,1.0,8.375860015299594,4.700480365792417,0.30277777777777776,4339.697222222222
1,1,2,0,0,360.0,1.0,1,0.0,0.0,1.0,9.32188174670909,5.303304908059076,0.5555555555555556,11178.444444444445
1,0,0,0,0,360.0,1.0,0,1.0,0.0,0.0,8.454040376410969,4.74493212836325,0.31666666666666665,4692.683333333333
1,1,2,0,0,120.0,1.0,1,0.0,0.0,1.0,7.777373602657861,2.8903717578961645,0.14166666666666666,2384.858333333333
1,0,0,0,0,360.0,1.0,1,0.0,0.0,1.0,8.507344855361422,4.836281906951478,0.3472222222222222,4949.652777777777
1,0,1,1,0,240.0,1.0,1,0.0,0.0,1.0,8.187855443695623,4.61512051684126,0.4166666666666667,3595.5833333333335
0,0,0,0,0,360.0,0.0,0,0.0,0.0,1.0,8.163656176168432,4.343805421853684,0.2111111111111111,3509.788888888889
1,1,0,1,0,360.0,1.0,0,1.0,0.0,0.0,8.494538500851432,4.897839799950911,0.36944444444444446,4886.6305555555555
1,1,0,0,0,360.0,1.0,1,0.0,0.0,1.0,8.716207971151853,4.7535901911063645,0.3194444444444444,6099.680555555556
1,1,0,1,0,360.0,0.0,0,0.0,0.0,1.0,8.94389780251682,4.653960350157523,0.28888888888888886,7659.711111111111
1,1,1,0,0,360.0,1.0,1,0.0,0.0,1.0,9.357121103184378,5.755742213586912,0.875,11579.125
1,1,0,1,0,360.0,0.0,0,0.0,1.0,0.0,8.414495793177895,4.762173934797756,0.32222222222222224,4510.677777777778
1,1,2,1,0,360.0,0.0,0,1.0,0.0,0.0,8.572249397164315,4.727387818712341,0.3111111111111111,5281.688888888889
1,1,1,0,0,360.0,1.0,0,0.0,1.0,0.0,8.80131894766524,5.0238805208462765,0.41944444444444445,6641.580555555555
1,1,0,0,1,360.0,1.0,1,0.0,1.0,0.0,9.165447603085447,5.2574953720277815,0.5305555555555556,9559.469444444445
1,1,0,0,0,360.0,1.0,1,0.0,1.0,0.0,8.527737405291909,4.812184355372417,0.3388888888888889,5051.6611111111115
1,1,2,1,0,360.0,1.0,1,0.0,0.0,1.0,8.569216219483389,4.709530201312334,0.3055555555555556,5265.694444444444
1,0,0,1,0,360.0,1.0,0,0.0,0.0,1.0,7.274479558773871,3.58351893845611,0.09722222222222222,1441.9027777777778
0,0,2,0,0,360.0,1.0,1,0.0,1.0,0.0,8.671458150427666,4.795790545596741,0.3333333333333333,5832.666666666667
1,1,1,0,0,360.0,1.0,0,0.0,0.0,1.0,8.927446816256198,5.308267697401205,0.5583333333333333,7534.441666666667
1,0,0,0,0,360.0,1.0,0,0.0,0.0,1.0,8.060855752934316,4.31748811353631,0.20555555555555555,3166.7944444444443
1,0,1,0,1,360.0,1.0,0,1.0,0.0,0.0,8.453827315794417,4.672828834461906,0.29444444444444445,4691.705555555555
1,1,0,0,0,360.0,1.0,1,0.0,1.0,0.0,8.550241045462437,4.74493212836325,0.31666666666666665,5166.683333333333
1,0,3,0,0,360.0,1.0,0,1.0,0.0,0.0,9.648659816955295,5.771441123130016,0.8888888888888888,15499.111111111111
1,1,0,0,0,360.0,1.0,1,0.0,0.0,1.0,8.376320632534823,4.859812404361672,0.35555555555555557,4341.644444444444
1,1,0,0,0,360.0,0.0,0,0.0,0.0,1.0,8.058010800802085,4.61512051684126,0.2777777777777778,3157.722222222222
0,1,0,0,0,360.0,1.0,1,0.0,1.0,0.0,8.5422759717837,4.976733742420574,0.4,5125.6
1,0,0,0,0,360.0,1.0,1,0.0,0.0,1.0,9.339349052539717,5.220355825078324,0.5111111111111111,11375.488888888889
1,0,0,1,0,360.0,1.0,1,0.0,1.0,0.0,8.597297435657898,4.709530201312334,0.3055555555555556,5415.694444444444
1,0,0,0,0,360.0,1.0,0,0.0,0.0,1.0,8.188966863648876,4.394449154672439,0.2222222222222222,3599.777777777778
1,0,0,0,0,360.0,1.0,1,0.0,0.0,1.0,8.01102337918644,3.871201010907891,0.13055555555555556,3012.8694444444445
1,1,0,0,0,360.0,1.0,1,0.0,0.0,1.0,7.783640596221253,4.330733340286331,0.20833333333333334,2399.7916666666665
1,1,0,0,0,360.0,1.0,1,0.0,1.0,0.0,8.744806737401898,4.90527477843843,0.37222222222222223,6276.627777777778
1,1,0,1,1,360.0,1.0,1,0.0,0.0,1.0,8.454466361507933,4.574710978503383,0.26666666666666666,4694.733333333334
0,0,0,0,0,360.0,1.0,1,0.0,0.0,1.0,8.134760782418645,4.48863636973214,0.24444444444444444,3409.7555555555555
1,1,1,0,0,360.0,1.0,1,0.0,0.0,1.0,8.639410824140487,3.8066624897703196,0.12222222222222222,5648.877777777778
1,1,0,0,0,360.0,1.0,1,0.0,0.0,1.0,8.669399124305569,4.976733742420574,0.4,5820.6
0,1,0,0,0,360.0,0.0,0,0.0,0.0,1.0,8.713746330456916,4.795790545596741,0.3333333333333333,6084.666666666667
0,0,0,0,0,360.0,1.0,1,0.0,1.0,0.0,8.744488113852924,4.976733742420574,0.4,6274.6
0,1,0,1,0,360.0,1.0,1,0.0,1.0,0.0,8.181160858023409,4.61512051684126,0.2777777777777778,3571.722222222222
0,0,0,0,0,360.0,1.0,1,0.0,1.0,0.0,8.034955024502159,4.795790545596741,0.3333333333333333,3085.6666666666665
0,0,0,0,0,360.0,1.0,0,0.0,1.0,0.0,8.350193650720067,4.727387818712341,0.3111111111111111,4229.688888888889
1,1,2,0,0,360.0,1.0,0,0.0,0.0,1.0,8.43750042250699,4.90527477843843,0.37222222222222223,4615.627777777778
0,1,1,0,1,360.0,0.0,0,0.0,0.0,1.0,9.350189267092581,5.659482215759621,0.7944444444444444,11499.205555555556
1,1,2,0,0,360.0,1.0,1,0.0,1.0,0.0,8.262558973010657,4.584967478670572,0.26944444444444443,3874.7305555555554
1,1,0,0,0,360.0,1.0,1,0.0,1.0,0.0,8.222553638396958,4.574710978503383,0.26666666666666666,3722.733333333333
1,1,0,0,0,360.0,1.0,0,1.0,0.0,0.0,8.624611588183507,4.912654885736052,0.375,5565.625
1,1,1,0,0,360.0,1.0,1,0.0,0.0,1.0,9.242904362849446,5.198497031265826,0.5,10329.5
1,1,2,1,0,360.0,1.0,1,0.0,0.0,1.0,8.735042754269337,4.976733742420574,0.4,6215.6
1,1,0,0,0,360.0,1.0,1,0.0,0.0,1.0,8.747828608488742,4.795790545596741,0.3333333333333333,6295.666666666667
1,1,3,0,0,360.0,1.0,1,0.0,0.0,1.0,8.016317898503415,4.605170185988092,0.275,3028.725
1,1,0,1,1,180.0,0.0,0,1.0,0.0,0.0,8.70930004894499,5.111987788356544,0.9166666666666666,6057.083333333333
1,1,1,0,0,360.0,0.0,0,1.0,0.0,0.0,8.506334448081361,4.859812404361672,0.35555555555555557,4944.644444444444
0,0,0,0,0,360.0,0.0,0,0.0,1.0,0.0,8.334951631422454,4.762173934797756,0.32222222222222224,4165.677777777778
1,1,0,0,0,360.0,1.0,0,0.0,1.0,0.0,9.242032818708672,5.556828061699537,0.7166666666666667,10320.283333333333
1,0,0,1,0,180.0,0.0,0,0.0,0.0,1.0,8.604287898267172,4.844187086458591,0.7,5453.3
1,1,1,0,0,360.0,1.0,1,0.0,0.0,1.0,9.282754052485227,5.746203190540153,0.8666666666666667,10749.133333333333
1,1,3,1,1,60.0,1.0,1,0.0,0.0,1.0,8.867990898182093,4.836281906951478,2.0833333333333335,7097.916666666667
0,0,0,0,0,360.0,0.0,0,0.0,1.0,0.0,8.366602832783736,4.919980925828125,0.37777777777777777,4299.622222222222
1,1,0,0,0,360.0,1.0,1,0.0,0.0,1.0,8.744328763999984,5.153291594497779,0.4777777777777778,6273.522222222222
1,1,2,1,1,360.0,1.0,1,0.0,1.0,0.0,8.229777750081887,4.584967478670572,0.26944444444444443,3749.7305555555554
1,0,0,0,0,300.0,1.0,1,0.0,1.0,0.0,8.160803920954665,4.406719247264253,0.27,3499.73
1,1,3,1,0,360.0,0.0,0,0.0,1.0,0.0,8.467162257810672,4.564348191467836,0.2638888888888889,4754.736111111111
1,1,3,0,1,360.0,1.0,1,0.0,1.0,0.0,8.859505484519133,5.236441962829949,0.5194444444444445,7039.480555555556
1,0,0,0,0,480.0,1.0,0,0.0,0.0,1.0,8.229777750081887,4.736198448394496,0.23541666666666666,3749.764583333333
1,0,0,0,0,360.0,1.0,0,0.0,0.0,1.0,9.04793908261736,5.176149732573829,0.4888888888888889,8499.511111111111
1,1,1,0,1,360.0,1.0,0,0.0,0.0,1.0,8.299783171949787,4.709530201312334,0.3055555555555556,4021.6944444444443
1,1,3,0,0,300.0,0.0,0,0.0,1.0,0.0,8.877381954654766,5.198497031265826,0.6,7166.4
1,1,3,1,1,360.0,1.0,1,0.0,1.0,0.0,8.612503371220562,4.875197323201151,0.3611111111111111,5498.638888888889
0,0,0,0,0,360.0,1.0,1,0.0,1.0,0.0,8.255048902752295,4.718498871295094,0.30833333333333335,3845.6916666666666
1,1,1,0,1,360.0,1.0,1,0.0,1.0,0.0,7.78155595923534,4.859812404361672,0.35555555555555557,2394.6444444444446
0,1,2,0,0,360.0,1.0,0,0.0,0.0,1.0,8.089482474360754,5.123963979403259,0.4638888888888889,3258.536111111111
1,1,0,0,0,360.0,1.0,0,0.0,1.0,0.0,9.018089684104343,5.583496308781699,0.7361111111111112,8249.263888888889
1,1,1,0,0,240.0,1.0,1,0.0,0.0,1.0,8.291295851905407,3.9318256327243257,0.20833333333333334,3987.7916666666665
1,0,0,0,0,360.0,1.0,1,0.0,1.0,0.0,8.496582237512113,4.919980925828125,0.37777777777777777,4896.622222222222
1,1,2,1,0,360.0,1.0,1,0.0,1.0,0.0,8.58185670474196,4.605170185988092,0.275,5332.725
1,1,0,0,0,360.0,1.0,1,0.0,1.0,0.0,8.437933510430605,4.653960350157523,0.28888888888888886,4617.711111111111
1,0,0,0,0,360.0,1.0,1,0.0,0.0,1.0,9.055672891964043,5.351858133476067,0.5833333333333334,8565.416666666666
1,1,0,0,0,360.0,1.0,1,0.0,1.0,0.0,9.196545660953994,5.170483995038151,0.4861111111111111,9861.513888888889
1,1,0,0,0,360.0,1.0,1,0.0,1.0,0.0,8.675734219544788,4.882801922586371,0.3638888888888889,5857.636111111111
1,1,2,0,0,180.0,1.0,1,0.0,1.0,0.0,9.384713758920963,5.241747015059643,1.0444444444444445,11902.955555555556
1,1,2,1,0,360.0,1.0,1,0.0,0.0,1.0,8.535818655539403,4.406719247264253,0.225,5092.775
1,0,0,0,0,360.0,1.0,1,0.0,1.0,0.0,8.327000740241713,4.812184355372417,0.3388888888888889,4132.6611111111115
1,0,0,1,0,120.0,1.0,1,0.0,1.0,0.0,8.19450550976564,3.258096538021482,0.20833333333333334,3619.7916666666665
1,0,0,0,0,360.0,1.0,0,0.0,0.0,1.0,8.82217476094608,4.859812404361672,0.35555555555555557,6781.644444444444
0,1,0,0,0,360.0,1.0,1,0.0,1.0,0.0,8.473659189392508,4.927253685157205,0.38055555555555554,4785.6194444444445
1,1,0,0,0,360.0,1.0,1,0.0,1.0,0.0,7.99799931797973,3.9318256327243257,0.1388888888888889,2973.8611111111113
1,1,0,1,0,180.0,1.0,1,0.0,1.0,0.0,8.340217320947035,4.7535901911063645,0.6388888888888888,4187.361111111111
1,1,0,0,0,360.0,1.0,1,0.0,1.0,0.0,8.575650760987806,4.882801922586371,0.3638888888888889,5299.636111111111
1,1,2,1,0,180.0,1.0,1,0.0,0.0,1.0,8.929567707825337,4.897839799950911,0.7388888888888889,7550.261111111111
1,0,0,0,0,360.0,1.0,1,0.0,1.0,0.0,9.065314599925925,5.0238805208462765,0.41944444444444445,8648.580555555556
1,1,0,0,0,360.0,1.0,1,0.0,0.0,1.0,9.521568058002977,4.859812404361672,0.35555555555555557,13649.644444444444
1,1,0,0,0,360.0,1.0,1,0.0,1.0,0.0,9.01627006814768,4.859812404361672,0.35555555555555557,8234.644444444444
1,1,0,0,0,360.0,1.0,1,0.0,0.0,1.0,8.427487278331744,5.081404364984463,0.4444444444444444,4569.555555555556
1,1,1,0,0,360.0,1.0,1,0.0,0.0,1.0,8.314587291319576,4.61512051684126,0.2777777777777778,4081.722222222222
1,1,2,0,0,360.0,1.0,1,0.0,0.0,1.0,9.436997742590188,5.420534999272286,0.625,12542.375
1,0,0,1,0,360.0,1.0,0,1.0,0.0,0.0,8.900276348631271,4.795790545596741,0.3333333333333333,7332.666666666667
1,1,2,0,0,360.0,0.0,0,0.0,0.0,1.0,8.909370405197466,5.37989735354046,0.6,7399.4
1,1,3,1,0,480.0,1.0,1,0.0,1.0,0.0,7.946617563244473,4.553876891600541,0.19583333333333333,2824.804166666667
1,0,0,0,0,360.0,1.0,1,0.0,0.0,1.0,8.57866451350434,4.919980925828125,0.37777777777777777,5315.622222222222
0,1,0,0,0,360.0,1.0,1,0.0,1.0,0.0,8.56845648535378,4.941642422609304,0.3861111111111111,5261.613888888889
1,1,0,1,0,360.0,0.0,0,1.0,0.0,0.0,8.947285869349132,5.030437921392435,0.4222222222222222,7685.577777777778
0,0,1,0,1,360.0,1.0,1,0.0,1.0,0.0,8.916237731721479,4.859812404361672,0.35555555555555557,7450.644444444444
1,0,0,0,0,360.0,1.0,1,0.0,1.0,0.0,8.527341522468053,4.77912349311153,0.3277777777777778,5049.672222222222
1,1,1,0,0,180.0,1.0,1,1.0,0.0,0.0,9.5876803163585,5.225746673713202,1.0277777777777777,14581.972222222223
0,1,0,0,0,360.0,1.0,1,0.0,1.0,0.0,8.603554357064281,5.043425116919247,0.42777777777777776,5449.572222222222
1,1,1,0,0,360.0,1.0,1,0.0,0.0,1.0,8.19229373114764,4.454347296253507,0.2361111111111111,3611.7638888888887
1,1,0,0,0,360.0,1.0,0,1.0,0.0,0.0,8.95040315983296,5.170483995038151,0.4861111111111111,7709.513888888889
0,0,0,0,0,360.0,1.0,1,0.0,0.0,1.0,9.250426095515468,5.560681631015528,0.7194444444444444,10407.280555555555
1,1,0,0,0,360.0,1.0,1,1.0,0.0,0.0,9.028218795184895,5.198497031265826,0.5,8333.5
0,0,0,0,0,360.0,1.0,1,0.0,1.0,0.0,8.334951631422454,3.8066624897703196,0.12222222222222222,4165.877777777778
0,0,0,0,0,360.0,0.0,1,0.0,1.0,0.0,9.316320695513415,4.927253685157205,0.38055555555555554,11116.619444444445
1,1,2,0,0,360.0,1.0,1,0.0,1.0,0.0,7.992268643270745,4.406719247264253,0.225,2956.775
1,1,0,1,0,360.0,1.0,1,1.0,0.0,0.0,8.750683034784592,5.272999558563747,0.5388888888888889,6313.461111111111
0,0,0,0,0,360.0,1.0,1,1.0,0.0,0.0,8.214194414852564,4.543294782270004,0.25833333333333336,3691.741666666667
1,1,3,0,0,360.0,1.0,1,1.0,0.0,0.0,10.077608912764743,5.916202062607435,1.0277777777777777,23801.972222222223
1,0,0,0,0,360.0,1.0,1,1.0,0.0,0.0,8.613593685702552,4.859812404361672,0.35555555555555557,5504.644444444444
1,1,1,0,1,180.0,0.0,0,0.0,0.0,1.0,9.572480355345974,5.081404364984463,0.8888888888888888,14362.111111111111
1,1,0,0,0,360.0,1.0,0,1.0,0.0,0.0,9.065314599925925,5.209486152841421,0.5055555555555555,8648.494444444445
1,0,0,0,1,480.0,1.0,1,0.0,0.0,1.0,9.911802884139842,6.478509642208569,1.3541666666666667,20164.645833333332
1,0,0,0,0,360.0,1.0,1,0.0,0.0,1.0,8.279950715722526,4.31748811353631,0.20555555555555555,3942.7944444444443
1,0,0,0,0,360.0,1.0,1,0.0,1.0,0.0,7.908019444632471,4.2626798770413155,0.19444444444444445,2717.8055555555557
1,1,0,0,1,120.0,1.0,1,0.0,1.0,0.0,8.14902386805177,3.258096538021482,0.20833333333333334,3458.7916666666665
1,0,0,0,0,360.0,1.0,1,0.0,1.0,0.0,8.496173824192162,4.634728988229636,0.2833333333333333,4894.716666666666
1,1,3,0,0,360.0,1.0,0,0.0,1.0,0.0,9.371693622333941,5.673323267171493,0.8055555555555556,11749.194444444445
0,1,0,0,0,360.0,1.0,0,1.0,0.0,0.0,8.430327258394575,4.442651256490317,0.23333333333333334,4582.766666666666
1,1,2,0,1,360.0,1.0,1,0.0,0.0,1.0,8.827174771362785,4.48863636973214,0.24444444444444444,6815.7555555555555
1,0,0,0,0,360.0,0.0,0,0.0,1.0,0.0,9.615805480084347,5.493061443340548,0.6722222222222223,14998.327777777778
1,1,2,1,0,360.0,1.0,0,1.0,0.0,0.0,8.636042325254618,4.867534450455582,0.35833333333333334,5629.641666666666
1,1,2,0,0,360.0,1.0,0,1.0,0.0,0.0,8.871505346165781,5.225746673713202,0.5138888888888888,7124.486111111111
1,0,0,0,0,360.0,1.0,1,0.0,0.0,1.0,8.59748202264504,5.1298987149230735,0.4666666666666667,5416.533333333334
1,0,0,0,1,180.0,1.0,1,0.0,1.0,0.0,8.846640813100485,5.170483995038151,0.9722222222222222,6949.027777777777
1,1,0,0,0,360.0,1.0,1,0.0,1.0,0.0,8.462314529906248,4.812184355372417,0.3388888888888889,4731.6611111111115
1,1,2,0,0,180.0,1.0,1,0.0,0.0,1.0,9.3722891389622,5.236441962829949,1.038888888888889,11755.961111111112
0,1,0,0,0,360.0,1.0,1,0.0,1.0,0.0,8.827174771362785,4.61512051684126,0.2777777777777778,6815.722222222223
0,1,2,0,0,360.0,1.0,1,0.0,0.0,1.0,9.60689927061335,4.2626798770413155,0.19444444444444445,14865.805555555555
1,1,1,0,0,360.0,1.0,1,0.0,0.0,1.0,7.994294986415977,3.4339872044851463,0.08333333333333333,2962.9166666666665
0,0,0,0,0,360.0,1.0,0,1.0,0.0,0.0,9.364519622823858,5.420534999272286,0.625,11665.375
1,1,0,0,0,360.0,1.0,1,0.0,1.0,0.0,8.646641258603124,4.836281906951478,0.3472222222222222,5689.652777777777
1,0,0,0,0,360.0,0.0,0,1.0,0.0,0.0,8.744806737401898,4.77912349311153,0.3277777777777778,6276.672222222222
1,1,0,0,1,360.0,1.0,1,1.0,0.0,0.0,8.75273950944749,5.030437921392435,0.4222222222222222,6326.577777777778
1,0,0,0,0,360.0,1.0,0,0.0,0.0,1.0,9.123365357961776,5.501258210544727,0.6777777777777778,9165.322222222223
1,1,2,1,0,360.0,1.0,0,1.0,0.0,0.0,7.732807530422021,4.736198448394496,0.3138888888888889,2280.686111111111
1,0,0,0,0,360.0,1.0,1,0.0,0.0,1.0,8.08794755464267,3.9318256327243257,0.1388888888888889,3253.8611111111113
1,1,3,0,0,180.0,0.0,1,0.0,1.0,0.0,10.596634733096073,6.398594934535208,3.3333333333333335,39995.666666666664
1,1,1,0,0,360.0,1.0,1,1.0,0.0,0.0,8.699681400989514,5.081404364984463,0.4444444444444444,5999.555555555556
1,1,1,0,0,360.0,1.0,1,0.0,0.0,1.0,9.163143937145207,5.236441962829949,0.5194444444444445,9537.480555555556
1,0,0,0,0,360.0,1.0,1,1.0,0.0,0.0,8.529911963824013,4.795790545596741,0.3333333333333333,5062.666666666667
1,1,0,0,0,360.0,1.0,1,0.0,1.0,0.0,9.231024963169016,5.545177444479562,0.7083333333333334,10207.291666666666
1,1,0,1,0,360.0,1.0,1,0.0,1.0,0.0,7.974188669286011,4.59511985013459,0.2722222222222222,2903.7277777777776
1,1,0,0,0,360.0,1.0,0,0.0,0.0,1.0,8.978912601074276,5.62040086571715,0.7638888888888888,7932.236111111111
1,1,1,0,0,360.0,0.0,0,0.0,1.0,0.0,8.382518288089635,4.804021044733257,0.33611111111111114,4368.663888888889
1,1,2,0,0,360.0,1.0,1,1.0,0.0,0.0,8.633196867172543,5.0689042022202315,0.4388888888888889,5613.561111111111
1,1,0,0,0,180.0,1.0,1,0.0,0.0,1.0,9.140347000155648,4.330733340286331,0.4166666666666667,9322.583333333334
1,1,0,0,0,360.0,1.0,1,1.0,0.0,0.0,8.835501457409778,5.209486152841421,0.5055555555555555,6872.4944444444445
0,1,0,0,0,360.0,1.0,0,1.0,0.0,0.0,8.430327258394575,4.727387818712341,0.3111111111111111,4582.688888888889
1,1,0,0,0,360.0,1.0,1,1.0,0.0,0.0,8.660947155060933,4.867534450455582,0.35833333333333334,5771.641666666666
1,0,0,0,0,480.0,0.0,0,0.0,1.0,0.0,7.71333788887187,4.1588830833596715,0.13125,2236.86875
1,1,2,0,0,360.0,1.0,1,0.0,1.0,0.0,8.987321812850125,5.303304908059076,0.5555555555555556,7999.444444444444
1,1,0,1,0,360.0,1.0,1,1.0,0.0,0.0,8.185907481482324,4.564348191467836,0.2638888888888889,3588.7361111111113
1,1,3,0,0,300.0,1.0,1,0.0,0.0,1.0,10.85445020594156,6.55250788703459,2.3333333333333335,51760.666666666664
1,1,3,1,0,180.0,1.0,0,1.0,0.0,0.0,8.167068178341237,4.406719247264253,0.45,3521.55
1,1,0,0,0,360.0,1.0,1,0.0,1.0,0.0,9.335562336729565,5.236441962829949,0.5194444444444445,11332.480555555556
1,1,0,1,1,360.0,1.0,0,0.0,1.0,0.0,8.533263371593732,4.477336814478207,0.24166666666666667,5079.758333333333
1,1,0,0,0,360.0,1.0,1,1.0,0.0,0.0,8.60557030203365,4.762173934797756,0.32222222222222224,5460.677777777778
1,1,2,0,0,360.0,1.0,1,1.0,0.0,0.0,8.206583614320753,4.624972813284271,0.28055555555555556,3663.7194444444444
1,1,3,0,0,360.0,0.0,0,0.0,1.0,0.0,9.73014555852275,6.206575926724928,1.375,16814.625
1,1,1,0,0,360.0,1.0,1,0.0,1.0,0.0,8.229777750081887,4.762173934797756,0.32222222222222224,3749.677777777778
1,0,0,1,0,480.0,0.0,0,0.0,0.0,1.0,8.23880116587155,4.634728988229636,0.2125,3783.7875
1,1,1,0,0,360.0,0.0,0,0.0,0.0,1.0,9.521568058002977,5.198497031265826,0.5,13649.5
1,0,0,0,0,360.0,1.0,0,1.0,0.0,0.0,8.850804195756417,4.219507705176107,0.18611111111111112,6978.813888888889
1,1,0,0,0,180.0,1.0,1,0.0,1.0,0.0,8.434028950155469,4.30406509320417,0.40555555555555556,4599.594444444445
1,1,1,0,0,360.0,1.0,0,0.0,1.0,0.0,10.429605648120413,5.564520407322694,0.7222222222222222,33845.27777777778
0,1,0,0,0,360.0,1.0,1,0.0,1.0,0.0,8.195885391314796,4.6913478822291435,0.3,3624.7
1,1,0,0,1,360.0,1.0,1,0.0,1.0,0.0,10.6896240399389,4.795790545596741,0.3333333333333333,43896.666666666664
1,1,1,0,1,300.0,0.0,0,1.0,0.0,0.0,7.68662133494462,4.204692619390966,0.22,2177.78
1,1,0,0,0,360.0,1.0,1,1.0,0.0,0.0,8.416709652837914,4.07753744390572,0.16111111111111112,4520.8388888888885
1,1,0,0,1,360.0,1.0,1,1.0,0.0,0.0,8.694669696546992,5.1298987149230735,0.4666666666666667,5969.533333333334
1,1,0,0,0,180.0,1.0,1,1.0,0.0,0.0,9.140883106960962,5.241747015059643,1.0444444444444445,9326.955555555556
1,0,0,1,0,360.0,1.0,1,1.0,0.0,0.0,8.494129251817686,3.8918202981106265,0.13333333333333333,4884.866666666667
1,0,0,0,0,360.0,1.0,0,0.0,1.0,0.0,9.392745258631441,5.10594547390058,0.45555555555555555,11999.544444444444
1,1,0,1,0,360.0,1.0,0,0.0,0.0,1.0,8.705165419719007,5.081404364984463,0.4444444444444444,6032.555555555556
1,0,0,0,0,360.0,1.0,1,0.0,1.0,0.0,8.258163361537619,4.343805421853684,0.2111111111111111,3857.788888888889
1,0,0,0,0,360.0,1.0,1,1.0,0.0,0.0,8.340933226000878,4.795790545596741,0.3333333333333333,4190.666666666667
1,1,1,0,0,360.0,1.0,0,0.0,1.0,0.0,8.64979915596426,5.14166355650266,0.4722222222222222,5707.527777777777
1,0,0,0,0,360.0,1.0,1,1.0,0.0,0.0,9.399637542506563,5.236441962829949,0.5194444444444445,12082.480555555556
0,0,0,1,0,360.0,1.0,1,0.0,0.0,1.0,8.360071435644025,4.795790545596741,0.3333333333333333,4271.666666666667
0,1,0,0,0,360.0,1.0,1,0.0,1.0,0.0,8.73761303680885,4.736198448394496,0.3138888888888889,6231.686111111111
1,0,0,0,1,360.0,1.0,0,0.0,0.0,1.0,9.305741456739435,4.430816798843313,0.23055555555555557,10999.769444444444
1,1,1,1,0,360.0,1.0,1,0.0,1.0,0.0,8.537191877922927,4.51085950651685,0.25,5099.75
1,0,2,0,0,360.0,0.0,1,0.0,1.0,0.0,8.501876487304344,5.117993812416755,0.46111111111111114,4922.538888888889
1,1,3,1,0,180.0,1.0,0,0.0,0.0,1.0,8.292298107063221,4.859812404361672,0.7111111111111111,3991.288888888889
1,1,1,1,0,360.0,1.0,1,0.0,0.0,1.0,8.430327258394575,4.912654885736052,0.375,4582.625
1,1,2,1,0,360.0,1.0,1,0.0,1.0,0.0,8.273336598504486,4.8283137373023015,0.34444444444444444,3916.6555555555556
0,0,0,1,0,360.0,1.0,1,0.0,1.0,0.0,8.391403185357937,4.795790545596741,0.3333333333333333,4407.666666666667
0,0,0,0,0,360.0,1.0,1,0.0,0.0,1.0,8.08487062913819,4.394449154672439,0.2222222222222222,3243.777777777778
1,0,0,1,0,360.0,1.0,1,1.0,0.0,0.0,8.780633799494984,4.02535169073515,0.1527777777777778,6505.847222222223
1,0,0,0,0,360.0,1.0,1,0.0,0.0,1.0,7.8160138391590275,4.0943445622221,0.1638888888888889,2478.836111111111
1,0,0,0,0,360.0,1.0,0,0.0,1.0,0.0,8.137103389639302,4.852030263919617,0.3527777777777778,3417.6472222222224
0,0,0,0,0,360.0,1.0,0,0.0,1.0,0.0,9.210440366976517,5.3706380281276624,0.5944444444444444,9999.405555555555
1,1,3,0,0,360.0,0.0,0,0.0,1.0,0.0,8.45126704130007,4.859812404361672,0.35555555555555557,4679.644444444444
1,1,1,0,1,360.0,1.0,1,0.0,0.0,1.0,8.960339366492091,5.484796933490655,0.6666666666666666,7786.333333333333
1,1,3,1,1,360.0,1.0,1,1.0,0.0,0.0,8.648922962094131,4.875197323201151,0.3611111111111111,5702.638888888889
1,1,0,0,0,360.0,1.0,1,0.0,0.0,1.0,8.731497794063243,4.927253685157205,0.38055555555555554,6193.6194444444445
1,1,3,1,0,360.0,1.0,1,0.0,1.0,0.0,8.483429561263428,4.61512051684126,0.2777777777777778,4832.722222222223
1,1,0,0,0,360.0,1.0,0,1.0,0.0,0.0,7.576097340623111,4.912654885736052,0.375,1949.625
1,1,0,0,0,360.0,1.0,1,0.0,1.0,0.0,8.613048677059759,4.882801922586371,0.3638888888888889,5501.636111111111
1,1,2,0,0,360.0,0.0,0,0.0,1.0,0.0,8.517393171418904,4.290459441148391,0.2,4999.8
0,1,2,0,0,360.0,1.0,1,0.0,1.0,0.0,8.80492526261806,4.852030263919617,0.3527777777777778,6665.647222222222
1,1,0,0,0,360.0,0.0,0,0.0,0.0,1.0,7.706162970199576,4.110873864173311,0.16666666666666666,2220.8333333333335
1,1,2,0,0,360.0,1.0,1,0.0,1.0,0.0,8.652947112393857,4.762173934797756,0.32222222222222224,5725.677777777778
1,0,0,0,0,360.0,1.0,1,0.0,1.0,0.0,8.659213451436667,4.976733742420574,0.4,5761.6
1,1,0,0,0,360.0,1.0,1,0.0,1.0,0.0,9.058237593766226,5.170483995038151,0.4861111111111111,8587.513888888889
1,1,0,0,0,360.0,1.0,1,0.0,1.0,0.0,8.740496729931813,4.859812404361672,0.35555555555555557,6249.644444444444
1,1,0,0,0,360.0,1.0,0,1.0,0.0,0.0,8.086717920303906,5.14166355650266,0.4722222222222222,3249.527777777778
1,1,0,1,1,360.0,1.0,0,0.0,0.0,1.0,8.462948176563842,4.9344739331306915,0.38333333333333336,4734.616666666667
1,1,2,0,0,360.0,1.0,1,0.0,1.0,0.0,8.980423936374544,5.351858133476067,0.5833333333333334,7944.416666666667
1,1,0,0,0,480.0,1.0,1,0.0,1.0,0.0,8.46779284112111,5.0689042022202315,0.32916666666666666,4757.670833333334
1,0,0,0,1,360.0,1.0,1,1.0,0.0,0.0,8.764209507142004,5.303304908059076,0.5555555555555556,6399.444444444444
1,1,1,0,0,360.0,1.0,1,0.0,1.0,0.0,8.422003004412488,4.653960350157523,0.28888888888888886,4544.711111111111
1,1,0,0,0,180.0,1.0,1,1.0,0.0,0.0,8.220672170297252,3.7612001156935624,0.23333333333333334,3715.766666666667
1,0,0,1,0,360.0,1.0,1,1.0,0.0,0.0,8.663542087751374,4.795790545596741,0.3333333333333333,5786.666666666667
0,0,0,0,0,360.0,1.0,1,0.0,1.0,0.0,9.0280988119824,5.638354669333745,0.7777777777777778,8332.222222222223
1,1,1,0,0,360.0,1.0,1,0.0,1.0,0.0,8.504107951867582,4.948759890378168,0.3888888888888889,4933.611111111111
1,1,1,0,0,360.0,1.0,1,1.0,0.0,0.0,8.818926087090677,5.14166355650266,0.4722222222222222,6759.527777777777
1,1,0,0,0,360.0,1.0,0,0.0,0.0,1.0,8.656433258507741,5.545177444479562,0.7083333333333334,5745.291666666667
0,0,0,0,1,360.0,1.0,1,0.0,0.0,1.0,8.150179269682326,4.812184355372417,0.3388888888888889,3462.661111111111
0,0,1,0,0,360.0,1.0,1,1.0,0.0,0.0,8.246171559857563,4.727387818712341,0.3111111111111111,3811.688888888889
1,1,1,0,0,360.0,1.0,1,0.0,1.0,0.0,8.106514516255185,4.574710978503383,0.26666666666666666,3314.733333333333
1,1,2,0,0,360.0,1.0,1,1.0,0.0,0.0,9.289151552400472,4.795790545596741,0.3333333333333333,10818.666666666666
1,1,1,1,0,180.0,1.0,0,0.0,0.0,1.0,8.410498452745275,4.948759890378168,0.7777777777777778,4492.222222222223
1,0,0,0,0,60.0,1.0,1,0.0,0.0,1.0,9.067277989134345,5.049856007249537,2.5833333333333335,8663.416666666666
1,1,2,0,1,360.0,1.0,1,1.0,0.0,0.0,8.929435283803425,4.6913478822291435,0.3,7549.7
1,1,0,1,0,360.0,1.0,1,0.0,1.0,0.0,8.964951211714654,4.820281565605037,0.3416666666666667,7822.658333333334
1,0,0,0,1,180.0,1.0,0,0.0,0.0,1.0,9.248021438943871,4.795790545596741,0.6666666666666666,10382.333333333334
1,1,2,0,0,360.0,1.0,1,0.0,0.0,1.0,9.180293450623886,4.727387818712341,0.3111111111111111,9702.68888888889
1,1,1,1,0,180.0,1.0,1,0.0,0.0,1.0,8.796187635470453,4.927253685157205,0.7611111111111111,6607.238888888889
1,1,1,0,0,480.0,1.0,1,0.0,1.0,0.0,8.460834457746854,4.820281565605037,0.25625,4724.74375
1,1,0,0,0,360.0,1.0,1,0.0,0.0,1.0,8.210124405164267,4.51085950651685,0.25,3676.75
1,1,0,1,0,360.0,0.0,0,0.0,1.0,0.0,8.62317351495347,5.308267697401205,0.5583333333333333,5557.441666666667
0,0,2,0,0,360.0,1.0,0,0.0,0.0,1.0,8.13973227971767,4.9344739331306915,0.38333333333333336,3426.616666666667
1,0,0,1,1,360.0,1.0,1,1.0,0.0,0.0,8.46611040118692,4.653960350157523,0.28888888888888886,4749.711111111111
1,1,1,1,0,180.0,1.0,1,0.0,1.0,0.0,9.186355009225672,5.634789603169249,1.55,9760.45
1,0,0,0,1,360.0,0.0,0,0.0,0.0,1.0,9.69590972432601,5.262690188904886,0.5333333333333333,16249.466666666667
0,0,3,0,0,360.0,1.0,1,1.0,0.0,0.0,8.03398273468322,5.545177444479562,0.7083333333333334,3082.2916666666665
1,0,0,1,0,360.0,0.0,0,1.0,0.0,0.0,8.707152175339404,4.7535901911063645,0.3194444444444444,6044.680555555556
1,1,3,0,0,360.0,1.0,0,0.0,0.0,1.0,8.566173813637858,4.553876891600541,0.2611111111111111,5249.738888888889
1,1,0,0,0,360.0,1.0,0,1.0,0.0,0.0,9.728181330636078,5.720311776607412,0.8444444444444444,16782.155555555557
1,1,3,1,0,360.0,1.0,0,0.0,1.0,0.0,8.503499864284235,4.859812404361672,0.35555555555555557,4930.644444444444
1,1,1,0,0,360.0,1.0,1,0.0,0.0,1.0,9.24319470884713,5.802118375377063,0.9166666666666666,10332.083333333334
1,0,0,0,0,360.0,1.0,1,0.0,1.0,0.0,8.35936910622267,4.90527477843843,0.37222222222222223,4268.627777777778
0,0,1,0,0,36.0,1.0,0,0.0,1.0,0.0,8.155362120328135,5.049856007249537,4.305555555555555,3476.6944444444443
0,0,0,0,0,360.0,1.0,1,1.0,0.0,0.0,8.881975184248867,4.795790545596741,0.3333333333333333,7199.666666666667
1,0,0,0,1,360.0,1.0,1,0.0,1.0,0.0,8.550047528287184,4.859812404361672,0.35555555555555557,5165.644444444444
1,0,0,0,0,360.0,1.0,1,1.0,0.0,0.0,8.928375259853631,5.0238805208462765,0.41944444444444445,7541.580555555555
1,1,2,0,0,360.0,1.0,1,0.0,1.0,0.0,8.715388097366482,5.017279836814924,0.4166666666666667,6094.583333333333
1,1,3,0,0,360.0,0.0,1,0.0,0.0,1.0,8.723394022000136,5.081404364984463,0.4444444444444444,6143.555555555556
0,0,0,0,0,360.0,1.0,0,1.0,0.0,0.0,8.137103389639302,4.912654885736052,0.375,3417.625
0,0,1,0,0,360.0,1.0,1,0.0,0.0,1.0,8.39773375137891,4.51085950651685,0.25,4435.75
0,0,0,0,0,360.0,1.0,1,0.0,0.0,1.0,8.08271113423758,3.4339872044851463,0.08333333333333333,3236.9166666666665
1,1,0,0,0,360.0,1.0,1,0.0,0.0,1.0,9.318925682389624,4.919980925828125,0.37777777777777777,11145.622222222222
1,0,0,0,0,360.0,1.0,1,1.0,0.0,0.0,8.453401058328458,4.844187086458591,0.35,4689.65
1,1,0,0,0,360.0,1.0,1,0.0,1.0,0.0,8.485496104672983,5.017279836814924,0.4166666666666667,4842.583333333333
1,1,2,0,0,360.0,1.0,1,0.0,1.0,0.0,8.268988209506656,4.51085950651685,0.25,3899.75
1,1,1,0,0,360.0,1.0,1,0.0,1.0,0.0,8.432288684325794,4.7535901911063645,0.3194444444444444,4591.680555555556
1,1,0,0,0,360.0,1.0,1,0.0,1.0,0.0,8.891236429516061,5.337538079701318,0.575,7266.425
1,1,0,0,0,360.0,1.0,1,0.0,0.0,1.0,8.390268497842571,4.394449154672439,0.2222222222222222,4402.777777777777
1,1,0,0,0,360.0,1.0,1,0.0,1.0,0.0,9.5876803163585,6.07993319509559,1.211111111111111,14581.788888888888
0,1,0,1,0,360.0,1.0,1,1.0,0.0,0.0,8.31898612539206,4.8283137373023015,0.34444444444444444,4099.655555555555
1,0,1,1,1,360.0,0.0,0,0.0,0.0,1.0,8.776475789346321,5.0689042022202315,0.4388888888888889,6478.561111111111
1,1,0,0,0,360.0,1.0,1,0.0,1.0,0.0,8.461257559085935,4.727387818712341,0.3111111111111111,4726.688888888889
1,1,2,0,0,180.0,1.0,1,0.0,0.0,1.0,8.097973923364721,4.3694478524670215,0.43333333333333335,3286.3666544666667
0,0,0,0,0,360.0,1.0,1,0.0,0.0,1.0,8.154212694914229,4.007333185232471,0.15,3476.85
1,1,0,0,0,360.0,1.0,0,1.0,0.0,0.0,9.936341889407075,4.859812404361672,0.35555555555555557,20666.644444444446
1,0,0,0,0,360.0,1.0,1,1.0,0.0,0.0,8.734238184268579,4.499809670330265,0.24722222222222223,6210.752777777778
0,0,0,0,1,300.0,1.0,0,0.0,1.0,0.0,8.370547611074752,4.605170185988092,0.33,4316.67
1,1,0,0,0,360.0,1.0,1,1.0,0.0,0.0,8.649098262296176,4.795790545596741,0.3333333333333333,5703.666666666667
0,0,0,0,0,360.0,1.0,1,0.0,1.0,0.0,8.324821298768782,4.7535901911063645,0.3194444444444444,4123.680555555556
1,0,0,0,0,360.0,1.0,1,1.0,0.0,0.0,9.159993997539445,5.236441962829949,0.5194444444444445,9507.480555555556
1,1,0,0,0,360.0,1.0,1,1.0,0.0,0.0,8.61104776688786,4.941642422609304,0.3861111111111111,5490.613888888889
1,1,2,0,0,360.0,0.0,0,0.0,1.0,0.0,8.38958706681109,4.852030263919617,0.3527777777777778,4399.647222222222
1,1,2,0,0,360.0,1.0,1,0.0,0.0,1.0,8.458292083496076,4.90527477843843,0.37222222222222223,4712.627777777778
0,0,0,0,0,480.0,0.0,0,0.0,0.0,1.0,8.59748202264504,4.969813299576001,0.29791666666666666,5416.702083333334
1,1,0,0,0,360.0,1.0,1,0.0,1.0,0.0,8.651374372882257,5.153291594497779,0.4777777777777778,5716.522222222222
1,1,3,0,0,360.0,1.0,1,0.0,0.0,1.0,8.64241515616962,4.709530201312334,0.3055555555555556,5665.694444444444
1,1,1,0,0,360.0,1.0,1,0.0,1.0,0.0,8.83579236650274,5.303304908059076,0.5555555555555556,6874.444444444444
0,1,1,0,0,360.0,1.0,1,0.0,0.0,1.0,8.448271745949816,4.912654885736052,0.375,4665.625
0,0,0,0,0,480.0,1.0,0,1.0,0.0,0.0,8.928242677818302,5.0238805208462765,0.3145833333333333,7540.685416666666
1,1,1,0,0,360.0,1.0,0,0.0,0.0,1.0,8.505120610181969,4.736198448394496,0.3138888888888889,4938.686111111111
1,1,0,1,0,360.0,0.0,0,0.0,0.0,1.0,8.462737005620179,4.543294782270004,0.25833333333333336,4733.741666666667
1,1,0,1,0,360.0,1.0,1,0.0,1.0,0.0,8.439447842791385,4.663439094112067,0.2916666666666667,4624.708333333333
0,0,0,0,0,360.0,1.0,1,1.0,0.0,0.0,8.517393171418904,4.890349128221754,0.36666666666666664,4999.633333333333
1,1,1,0,0,360.0,1.0,1,0.0,0.0,1.0,8.14002395246292,4.574710978503383,0.26666666666666666,3427.733333333333
1,0,0,0,0,360.0,1.0,1,1.0,0.0,0.0,8.77971129020447,4.948759890378168,0.3888888888888889,6499.611111111111
1,0,0,1,0,360.0,1.0,0,0.0,0.0,1.0,7.601402334583733,4.859812404361672,0.35555555555555557,1999.6444444444444
0,0,0,0,0,360.0,1.0,1,1.0,0.0,0.0,8.599510233905452,4.912654885736052,0.375,5427.625
0,0,0,0,0,360.0,0.0,0,0.0,0.0,1.0,8.357962965845681,4.653960350157523,0.28888888888888886,4262.711111111111
1,0,0,0,0,360.0,1.0,0,1.0,0.0,0.0,9.915119636765835,6.175867270105761,1.3333333333333333,20231.666666666668
1,1,2,1,0,360.0,1.0,1,1.0,0.0,0.0,8.944811104165534,5.225746673713202,0.5138888888888888,7666.486111111111
0,0,0,0,0,360.0,1.0,1,0.0,1.0,0.0,7.978653729082731,4.442651256490317,0.23333333333333334,2916.766666666667
1,0,0,1,0,360.0,1.0,1,0.0,1.0,0.0,8.581669210600602,4.718498871295094,0.30833333333333335,5331.691666666667
0,0,0,0,0,360.0,1.0,1,1.0,0.0,0.0,7.827240901752812,4.04305126783455,0.15555555555555556,2506.8444444444444
1,1,2,0,1,84.0,1.0,1,1.0,0.0,0.0,8.656433258507741,4.976733742420574,1.7142857142857142,5744.285714285715
1,1,0,0,0,360.0,1.0,0,1.0,0.0,0.0,8.370315995555478,5.075173815233827,0.44166666666666665,4315.558333333333
1,1,1,1,0,180.0,1.0,1,0.0,0.0,1.0,8.525161361065415,4.718498871295094,0.6166666666666667,5038.383333333333
1,1,2,0,0,360.0,1.0,1,0.0,1.0,0.0,8.220941168281389,4.795790545596741,0.3333333333333333,3716.6666666666665
1,1,0,0,0,360.0,1.0,1,0.0,0.0,1.0,8.341171747170762,4.48863636973214,0.24444444444444444,4191.7555555555555
0,0,1,0,0,360.0,1.0,1,0.0,1.0,0.0,8.17244681834278,4.727387818712341,0.3111111111111111,3540.688888888889
1,1,1,0,1,360.0,1.0,0,1.0,0.0,0.0,9.210440366976517,5.049856007249537,0.4305555555555556,9999.569444444445
1,1,0,0,0,360.0,1.0,1,0.0,1.0,0.0,8.426830751335846,4.7535901911063645,0.3194444444444444,4566.680555555556
1,1,3,0,0,360.0,1.0,1,0.0,1.0,0.0,8.418918622147897,4.8283137373023015,0.34444444444444444,4530.655555555555
1,1,2,1,0,360.0,1.0,1,1.0,0.0,0.0,8.554874258383926,4.859812404361672,0.35555555555555557,5190.644444444444
0,0,0,0,0,360.0,1.0,1,1.0,0.0,0.0,8.72453251118548,4.890349128221754,0.36666666666666664,6150.633333333333
1,1,3,0,0,360.0,1.0,1,1.0,0.0,0.0,9.61587214452889,5.707110264748875,0.8333333333333334,14999.166666666666
1,1,1,0,1,360.0,0.0,0,1.0,0.0,0.0,9.521494800613105,5.932245187448011,1.0444444444444445,13647.955555555556
1,0,0,0,0,360.0,0.0,1,1.0,0.0,0.0,8.500657222776137,4.875197323201151,0.3611111111111111,4916.638888888889
1,1,0,0,1,360.0,1.0,1,0.0,1.0,0.0,8.984568369308281,5.220355825078324,0.5111111111111111,7977.488888888889
0,1,0,0,0,360.0,1.0,0,0.0,0.0,1.0,8.82246957226897,4.709530201312334,0.3055555555555556,6783.694444444444
0,0,0,0,0,360.0,1.0,1,0.0,0.0,1.0,7.824445930877619,4.219507705176107,0.18611111111111112,2499.813888888889
1,0,1,0,0,360.0,1.0,1,0.0,0.0,1.0,8.728749873478527,4.770684624465665,0.325,6176.675
1,0,0,0,0,360.0,1.0,1,0.0,1.0,0.0,7.984803389734406,4.59511985013459,0.2722222222222222,2934.7277777777776
1,0,0,0,0,360.0,1.0,1,0.0,0.0,1.0,7.949444420250626,4.276666119016055,0.19722222222222222,2832.802777777778
1,1,0,0,0,180.0,1.0,1,0.0,0.0,1.0,11.056240743970491,6.19644412779452,2.7222222222222223,63334.27777777778
1,1,1,0,1,180.0,1.0,1,0.0,0.0,1.0,9.364519622823858,5.209486152841421,1.011111111111111,11664.988888888889
1,1,0,0,1,360.0,1.0,1,0.0,1.0,0.0,9.20974019190415,4.2626798770413155,0.19444444444444445,9992.805555555555
1,1,1,0,0,360.0,1.0,1,1.0,0.0,0.0,8.68929604801586,5.081404364984463,0.4444444444444444,5937.555555555556
1,1,2,0,1,360.0,1.0,1,1.0,0.0,0.0,8.867990898182093,5.176149732573829,0.4888888888888889,7099.511111111111
0,0,3,1,0,360.0,0.0,0,0.0,0.0,1.0,7.5126175446745105,4.859812404361672,0.35555555555555557,1829.6444444444444
0,0,0,0,0,360.0,1.0,1,0.0,1.0,0.0,8.333510708982942,4.276666119016055,0.19722222222222222,4159.802777777778
1,1,3,1,0,360.0,1.0,0,1.0,0.0,0.0,8.351138607086154,5.159055299214529,0.48055555555555557,4233.519444444444
0,0,0,0,0,360.0,1.0,0,1.0,0.0,0.0,7.774435510302958,3.8501476017100584,0.12777777777777777,2377.8722222222223
1,1,1,1,0,360.0,1.0,1,0.0,0.0,1.0,8.6628507638386,5.0689042022202315,0.4388888888888889,5782.561111111111
1,1,3,1,0,360.0,1.0,1,0.0,1.0,0.0,8.062747901086354,4.31748811353631,0.20555555555555555,3172.7944444444443
1,1,2,0,0,360.0,1.0,1,1.0,0.0,0.0,8.499843553081124,4.836281906951478,0.3472222222222222,4912.652777777777
1,1,0,0,0,360.0,1.0,1,0.0,1.0,0.0,8.508757712595136,5.081404364984463,0.4444444444444444,4956.555555555556
1,1,0,1,0,360.0,0.0,0,1.0,0.0,0.0,8.817890200945513,5.030437921392435,0.4222222222222222,6752.577777777778
1,1,2,1,0,360.0,1.0,1,0.0,0.0,1.0,8.566364235422688,4.844187086458591,0.35,5250.65
1,1,0,0,0,360.0,1.0,1,0.0,1.0,0.0,9.29807648628027,5.560681631015528,0.7194444444444444,10915.280555555555
1,1,0,0,0,360.0,1.0,1,1.0,0.0,0.0,9.091106284052485,5.236441962829949,0.5194444444444445,8874.480555555556
1,1,0,0,0,360.0,1.0,1,0.0,1.0,0.0,9.114269903225448,5.43372200355424,0.6333333333333333,9082.366666666667
1,0,0,0,0,360.0,1.0,0,1.0,0.0,0.0,9.466376966592419,5.733341276897746,0.8555555555555555,12916.144444444444
1,1,3,0,0,360.0,1.0,1,1.0,0.0,0.0,8.465899897028686,4.564348191467836,0.2638888888888889,4748.736111111111
0,1,0,0,1,360.0,0.0,0,1.0,0.0,0.0,8.612685172875459,4.663439094112067,0.2916666666666667,5499.708333333333
0,1,0,0,0,360.0,1.0,1,0.0,1.0,0.0,7.982416346827733,4.875197323201151,0.3611111111111111,2927.6388888888887
0,0,0,0,0,180.0,1.0,1,0.0,0.0,1.0,8.246433786160365,4.762173934797756,0.6444444444444445,3812.3555555555554
1,1,2,0,0,360.0,1.0,1,1.0,0.0,0.0,9.350189267092581,5.111987788356544,0.4583333333333333,11499.541666666666
1,1,1,0,0,360.0,1.0,0,0.0,0.0,1.0,8.262558973010657,4.219507705176107,0.18611111111111112,3874.813888888889
1,1,0,1,0,480.0,0.0,0,0.0,0.0,1.0,8.448271745949816,4.61512051684126,0.20833333333333334,4665.791666666667
1,1,3,0,0,360.0,1.0,1,0.0,1.0,0.0,9.028218795184895,5.303304908059076,0.5555555555555556,8333.444444444445
0,0,1,0,0,360.0,1.0,0,0.0,1.0,0.0,8.460411177317253,4.406719247264253,0.225,4722.775
1,1,2,0,0,360.0,1.0,1,0.0,1.0,0.0,9.067393362656249,5.4680601411351315,0.6555555555555556,8666.344444444445
1,1,0,0,0,360.0,1.0,1,0.0,0.0,1.0,8.865593998902725,4.875197323201151,0.3611111111111111,7082.638888888889
1,1,0,0,0,300.0,1.0,1,0.0,0.0,1.0,8.707317560273212,4.564348191467836,0.31666666666666665,6045.683333333333
1,0,0,0,1,360.0,1.0,1,1.0,0.0,0.0,8.828054536815424,4.955827057601261,0.39166666666666666,6821.608333333334
1,0,0,1,0,360.0,1.0,0,1.0,0.0,0.0,8.735042754269337,4.897839799950911,0.36944444444444446,6215.6305555555555
1,0,0,0,0,480.0,1.0,0,0.0,1.0,0.0,7.824445930877619,4.574710978503383,0.2,2499.8
1,0,0,0,0,360.0,0.0,0,1.0,0.0,0.0,8.54188580400661,4.8283137373023015,0.34444444444444444,5123.655555555555
1,1,1,0,0,360.0,1.0,1,0.0,1.0,0.0,8.752423403865594,5.170483995038151,0.4861111111111111,6324.513888888889
1,1,0,0,0,360.0,1.0,0,1.0,0.0,0.0,10.126511096649761,6.3473892096560105,1.5833333333333333,24994.416666666668
0,0,0,0,1,360.0,1.0,1,0.0,1.0,0.0,9.66523036341187,4.02535169073515,0.1527777777777778,15758.847222222223
1,1,2,0,0,360.0,1.0,1,0.0,1.0,0.0,8.55371796609861,5.049856007249537,0.4305555555555556,5184.569444444444
1,1,2,0,1,300.0,1.0,1,1.0,0.0,0.0,9.752490228984199,5.942799375126701,1.2666666666666666,17194.733333333334
1,0,1,0,0,180.0,0.0,0,0.0,0.0,1.0,8.527143522269405,4.718498871295094,0.6166666666666667,5048.383333333333
0,0,0,0,0,360.0,1.0,1,0.0,0.0,1.0,8.348537825386098,4.709530201312334,0.3055555555555556,4222.694444444444
1,1,0,0,0,180.0,1.0,1,0.0,0.0,1.0,8.655388690167637,4.795790545596741,0.6666666666666666,5739.333333333333
1,1,3,0,0,360.0,1.0,1,1.0,0.0,0.0,9.52857589747142,4.875197323201151,0.3611111111111111,13745.638888888889
1,1,0,0,0,360.0,1.0,1,0.0,1.0,0.0,8.368925174747135,4.875197323201151,0.3611111111111111,4309.638888888889
1,0,0,0,0,480.0,1.0,0,0.0,0.0,1.0,8.029432840581244,4.276666119016055,0.14791666666666667,3068.852083333333
1,1,2,0,0,360.0,1.0,1,0.0,0.0,1.0,8.592671652592143,4.875197323201151,0.3611111111111111,5390.638888888889
1,1,0,0,0,360.0,1.0,1,0.0,1.0,0.0,8.671458150427666,4.859812404361672,0.35555555555555557,5832.644444444444
1,0,0,0,0,360.0,1.0,1,0.0,1.0,0.0,9.22759072538271,5.6937321388027,0.8222222222222222,10172.177777777777
0,0,0,0,0,360.0,1.0,1,0.0,0.0,1.0,8.699681400989514,5.056245805348308,0.43333333333333335,5999.566666666667
1,0,0,0,1,360.0,1.0,1,0.0,0.0,1.0,8.877381954654766,4.859812404361672,0.35555555555555557,7166.644444444444
1,1,2,0,0,360.0,1.0,0,0.0,0.0,1.0,8.426611813185,4.61512051684126,0.2777777777777778,4565.722222222223
1,0,1,0,0,180.0,1.0,1,0.0,0.0,1.0,8.207401833376355,4.736198448394496,0.6277777777777778,3666.3722222222223
1,0,0,1,0,360.0,1.0,1,0.0,1.0,0.0,8.280711075662847,4.890349128221754,0.36666666666666664,3945.633333333333
1,1,0,1,0,360.0,0.0,0,0.0,0.0,1.0,8.72371943690701,4.859812404361672,0.35555555555555557,6145.644444444444
1,1,0,0,0,360.0,1.0,1,0.0,0.0,1.0,8.46611040118692,4.919980925828125,0.37777777777777777,4749.622222222222
1,1,0,0,0,360.0,1.0,1,1.0,0.0,0.0,8.610501368549889,4.836281906951478,0.3472222222222222,5487.652777777777
1,0,3,0,0,360.0,1.0,1,1.0,0.0,0.0,9.12347443895452,5.225746673713202,0.5138888888888888,9166.486111111111
1,1,3,0,0,360.0,1.0,1,1.0,0.0,0.0,9.15957325492253,5.62040086571715,0.7638888888888888,9503.236111111111
1,1,0,0,0,360.0,1.0,1,0.0,0.0,1.0,8.455104999102815,4.795790545596741,0.3333333333333333,4697.666666666667
1,1,2,1,0,180.0,1.0,1,0.0,1.0,0.0,8.193953023563742,4.736198448394496,0.6277777777777778,3617.3722222222223
1,1,2,0,0,360.0,1.0,1,0.0,0.0,1.0,8.412054873292933,4.736198448394496,0.3138888888888889,4499.686111111111
1,1,2,0,0,360.0,1.0,1,0.0,1.0,0.0,8.232440158470336,4.912654885736052,0.375,3759.625
0,0,0,0,0,360.0,0.0,0,0.0,0.0,1.0,8.064950891749143,4.276666119016055,0.19722222222222222,3179.802777777778
1,1,0,0,0,360.0,1.0,1,0.0,0.0,1.0,8.41027590907016,4.564348191467836,0.2638888888888889,4491.736111111111
1,0,0,1,0,360.0,1.0,1,1.0,0.0,0.0,8.624970783589669,4.700480365792417,0.30277777777777776,5567.697222222222
0,0,0,0,0,360.0,0.0,0,0.0,1.0,0.0,8.101980731853192,4.6443908991413725,0.2861111111111111,3299.713888888889
1,1,2,1,0,180.0,0.0,0,0.0,0.0,1.0,7.969011781106478,3.828641396489095,0.25,2888.75
1,0,0,1,0,300.0,1.0,0,1.0,0.0,0.0,7.9215356321335495,4.189654742026425,0.21666666666666667,2754.7833333333333
1,0,0,0,0,360.0,1.0,1,0.0,1.0,0.0,10.021315031649332,4.6443908991413725,0.2861111111111111,22499.713888888888
0,0,0,1,0,360.0,1.0,1,0.0,1.0,0.0,7.582738488914411,3.9889840465642745,0.14722222222222223,1962.8527777777779
0,0,0,0,1,360.0,1.0,0,1.0,0.0,0.0,8.914894908906568,5.272999558563747,0.5388888888888889,7440.461111111111
0,0,0,0,0,360.0,1.0,1,0.0,1.0,0.0,8.422442854870427,4.7535901911063645,0.3194444444444444,4546.680555555556
1,1,0,1,0,360.0,1.0,1,0.0,0.0,1.0,8.426830751335846,4.7535901911063645,0.3194444444444444,4566.680555555556
0,0,0,1,0,360.0,1.0,1,1.0,0.0,0.0,7.7025561132685825,4.204692619390966,0.18333333333333332,2212.8166666666666
1,1,1,0,0,300.0,0.0,0,0.0,1.0,0.0,9.024131268455035,5.030437921392435,0.5066666666666667,8299.493333333334
1,1,3,0,0,360.0,0.0,0,1.0,0.0,0.0,11.302216779257382,5.8888779583328805,1.0,80999.0
0,0,1,1,1,360.0,1.0,0,0.0,1.0,0.0,8.260492856573185,4.143134726391533,0.17222222222222222,3866.8277777777776
1,1,0,0,0,360.0,1.0,1,0.0,0.0,1.0,8.741456115998364,5.081404364984463,0.4444444444444444,6255.555555555556
1,1,0,1,0,360.0,0.0,0,1.0,0.0,0.0,8.715552125907816,5.389071729816501,0.6055555555555555,6095.394444444444
1,1,0,1,0,360.0,1.0,1,1.0,0.0,0.0,8.363342466597977,4.709530201312334,0.3055555555555556,4285.694444444444
0,1,0,1,0,360.0,0.0,0,0.0,1.0,0.0,8.591743922680534,5.187385805840755,0.49444444444444446,5385.5055555555555
0,0,0,0,0,360.0,1.0,1,0.0,0.0,1.0,8.005033344637111,4.110873864173311,0.16666666666666666,2994.8333333333335
0,0,1,0,0,360.0,1.0,0,0.0,0.0,1.0,7.8636512654486515,5.081404364984463,0.4444444444444444,2599.5555555555557
1,1,2,0,1,360.0,1.0,0,0.0,0.0,1.0,9.980494888896912,5.480638923341991,0.6638888888888889,21599.33611111111
1,1,0,0,0,360.0,1.0,1,1.0,0.0,0.0,8.242493153187626,4.727387818712341,0.3111111111111111,3797.688888888889
1,1,0,0,0,360.0,1.0,1,0.0,1.0,0.0,8.447628728030327,4.9344739331306915,0.38333333333333336,4662.616666666667
1,1,0,0,0,360.0,1.0,1,1.0,0.0,0.0,8.670772279344538,4.9344739331306915,0.38333333333333336,5828.616666666667
0,0,0,1,0,360.0,0.0,0,0.0,0.0,1.0,7.908754738783246,4.394449154672439,0.2222222222222222,2719.777777777778
1,1,0,0,0,360.0,1.0,1,0.0,0.0,1.0,8.17188200612782,4.61512051684126,0.2777777777777778,3538.722222222222
1,1,1,0,0,360.0,0.0,0,0.0,0.0,1.0,9.095826985187422,4.709530201312334,0.3055555555555556,8916.694444444445
1,1,0,0,0,360.0,1.0,1,0.0,1.0,0.0,9.60784051043005,4.574710978503383,0.26666666666666666,14879.733333333334
1,1,0,0,0,360.0,1.0,1,1.0,0.0,0.0,8.848939995030118,4.804021044733257,0.33611111111111114,6965.663888888889
0,0,1,1,0,360.0,1.0,0,1.0,0.0,0.0,8.435332164935916,4.406719247264253,0.225,4605.775
1,1,2,0,0,360.0,1.0,1,0.0,1.0,0.0,8.688790784847216,4.897839799950911,0.36944444444444446,5934.6305555555555
1,1,0,0,0,360.0,1.0,1,1.0,0.0,0.0,7.9851847886683345,4.477336814478207,0.24166666666666667,2935.8783341733333
1,0,0,1,0,180.0,1.0,1,0.0,0.0,1.0,7.907651594711089,4.110873864173311,0.3333333333333333,2716.6666666666665
0,0,1,0,1,360.0,1.0,1,0.0,1.0,0.0,9.062420241899561,5.017279836814924,0.4166666666666667,8623.583333333334
1,0,0,0,0,360.0,0.0,0,1.0,0.0,0.0,8.77971129020447,4.663439094112067,0.2916666666666667,6499.708333333333
1,0,0,0,0,360.0,1.0,1,0.0,1.0,0.0,9.463198053273784,6.0063531596017325,1.125,12874.875
1,1,0,0,0,360.0,1.0,1,0.0,1.0,0.0,8.469262657658687,4.969813299576001,0.3972222222222222,4764.602777777778
1,0,0,0,0,360.0,1.0,1,0.0,0.0,1.0,8.229777750081887,4.61512051684126,0.2777777777777778,3749.722222222222
0,1,0,0,0,240.0,1.0,1,0.0,1.0,0.0,9.21512888870798,4.859812404361672,0.5333333333333333,10046.466666666667
1,0,0,0,0,360.0,1.0,1,0.0,1.0,0.0,8.236950048061455,3.9318256327243257,0.1388888888888889,3776.8611111111113
1,1,0,0,0,360.0,1.0,1,0.0,0.0,1.0,8.113426639943654,4.859812404361672,0.35555555555555557,3337.6444444444446
1,0,0,0,1,360.0,0.0,0,0.0,0.0,1.0,9.251194365984448,5.236441962829949,0.5194444444444445,10415.480555555556
0,1,0,1,1,360.0,1.0,1,1.0,0.0,0.0,8.873888135154973,4.9344739331306915,0.38333333333333336,7141.616666666667
1,0,0,0,0,360.0,1.0,1,0.0,1.0,0.0,9.073947747070628,5.236441962829949,0.5194444444444445,8723.480555555556
1,1,0,0,0,360.0,1.0,1,1.0,0.0,0.0,9.1834829178063,5.198497031265826,0.5,9733.5
1,0,3,1,0,360.0,1.0,1,0.0,1.0,0.0,8.81001204797317,5.003946305945459,0.4111111111111111,6699.5888888888885
1,0,1,0,0,360.0,1.0,1,0.0,1.0,0.0,10.537945736747394,5.030437921392435,0.4222222222222222,37718.57777777778
1,1,0,0,0,300.0,1.0,1,1.0,0.0,0.0,9.659311868393488,5.170483995038151,0.5833333333333334,15665.416666666666
1,1,1,0,1,360.0,1.0,1,1.0,0.0,0.0,8.450412157725886,4.875197323201151,0.3611111111111111,4675.638888888889
1,1,2,1,0,360.0,1.0,1,1.0,0.0,0.0,8.445267451844648,4.709530201312334,0.3055555555555556,4651.694444444444
1,1,0,0,0,360.0,1.0,0,1.0,0.0,0.0,8.500250470685925,4.02535169073515,0.1527777777777778,4914.847222222223
1,1,2,0,0,360.0,0.0,0,1.0,0.0,0.0,8.527341522468053,5.017279836814924,0.4166666666666667,5049.583333333333
1,0,1,1,1,360.0,1.0,0,0.0,1.0,0.0,8.369157112588834,5.25227342804663,0.5277777777777778,4310.472222222223
1,1,2,1,0,360.0,0.0,0,1.0,0.0,0.0,8.178919332848396,4.836281906951478,0.3472222222222222,3563.652777777778
1,1,2,1,0,300.0,1.0,1,0.0,0.0,1.0,8.13593277200489,4.110873864173311,0.2,3413.8
1,1,0,0,0,360.0,0.0,0,1.0,0.0,0.0,8.645058562414134,5.0106352940962555,0.41388888888888886,5680.586111111111
1,1,0,0,0,180.0,0.0,1,1.0,0.0,0.0,8.507142855562735,4.51085950651685,0.5,4948.5
1,0,0,0,1,360.0,1.0,1,0.0,1.0,0.0,8.865876285425417,4.442651256490317,0.23333333333333334,7084.766666666666
1,1,2,0,0,360.0,1.0,1,0.0,1.0,0.0,8.258422462458876,4.574710978503383,0.26666666666666666,3858.733333333333
1,1,0,0,0,360.0,1.0,1,0.0,0.0,1.0,8.366835309827675,4.77912349311153,0.3277777777777778,4300.672222222222
1,1,0,0,0,360.0,1.0,0,0.0,0.0,1.0,8.744806737401898,5.159055299214529,0.48055555555555557,6276.519444444444
1,0,2,0,0,360.0,1.0,1,1.0,0.0,0.0,8.379079889286603,4.919980925828125,0.37777777777777777,4353.622222222222
1,1,0,0,0,360.0,1.0,0,0.0,1.0,0.0,9.028218795184895,5.081404364984463,0.4444444444444444,8333.555555555555
1,1,0,0,1,360.0,1.0,1,0.0,1.0,0.0,8.726967774991493,5.081404364984463,0.4444444444444444,6165.555555555556
1,1,3,0,0,180.0,1.0,1,0.0,0.0,1.0,8.954286157204713,4.859812404361672,0.7111111111111111,7739.288888888889
1,1,0,0,0,360.0,1.0,1,1.0,0.0,0.0,8.557182839632397,5.0369526024136295,0.425,5202.575
0,0,1,1,0,360.0,1.0,1,0.0,1.0,0.0,8.554874258383926,4.890349128221754,0.36666666666666664,5190.633333333333
1,0,0,0,0,360.0,0.0,0,0.0,1.0,0.0,8.334951631422454,4.59511985013459,0.2722222222222222,4165.727777777778
1,0,0,0,0,360.0,1.0,1,1.0,0.0,0.0,8.699681400989514,4.948759890378168,0.3888888888888889,5999.611111111111
1,1,3,1,0,180.0,0.0,0,0.0,0.0,1.0,8.436416881388949,4.2626798770413155,0.3888888888888889,4610.611111111111
1,1,0,0,0,360.0,1.0,1,0.0,1.0,0.0,9.722744748855389,4.709530201312334,0.3055555555555556,16691.694444444445
0,1,2,1,0,360.0,1.0,1,0.0,1.0,0.0,8.048149101665201,4.59511985013459,0.2722222222222222,3126.7277777777776
1,1,0,0,0,360.0,1.0,0,0.0,0.0,1.0,8.82246957226897,4.709530201312334,0.3055555555555556,6783.694444444444
1,1,1,0,1,360.0,1.0,1,0.0,1.0,0.0,8.61794309451638,5.093750200806762,0.45,5528.55
1,1,1,1,0,180.0,0.0,0,1.0,0.0,0.0,8.331827004436057,4.736198448394496,0.6277777777777778,4152.372222222222
1,1,3,0,0,360.0,1.0,1,0.0,1.0,0.0,8.453614209773367,4.61512051684126,0.2777777777777778,4690.722222222223
0,0,0,0,1,360.0,1.0,1,0.0,0.0,1.0,7.824445930877619,4.543294782270004,0.25833333333333336,2499.741666666667
1,0,2,0,0,360.0,1.0,1,1.0,0.0,0.0,9.228278517107196,5.093750200806762,0.45,10179.55
1,1,2,0,1,360.0,1.0,1,1.0,0.0,0.0,9.772239265926174,5.017279836814924,0.4166666666666667,17538.583333333332
1,1,2,0,0,300.0,1.0,1,0.0,1.0,0.0,9.042040056544483,5.442417710521793,0.7666666666666667,8449.233333333334
1,1,2,0,0,360.0,0.0,0,0.0,1.0,0.0,8.465057436995709,4.890349128221754,0.36666666666666664,4744.633333333333
1,1,1,0,1,360.0,1.0,1,0.0,1.0,0.0,9.847869128773116,4.465908118654584,0.2388888888888889,18916.76111111111
1,1,2,0,0,360.0,1.0,0,0.0,0.0,1.0,8.423102268016642,4.859812404361672,0.35555555555555557,4549.644444444444
0,0,0,1,0,360.0,1.0,1,1.0,0.0,0.0,8.37816098272068,5.043425116919247,0.42777777777777776,4349.572222222222
1,1,3,1,0,360.0,1.0,1,1.0,0.0,0.0,8.037866234709618,4.736198448394496,0.3138888888888889,3094.686111111111
1,1,0,0,0,360.0,1.0,1,0.0,1.0,0.0,8.562931083090092,4.859812404361672,0.35555555555555557,5232.644444444444
1,1,0,0,0,360.0,1.0,1,0.0,1.0,0.0,9.290444616217844,5.459585514144159,0.65,10832.35
1,1,2,0,0,360.0,1.0,1,0.0,1.0,0.0,9.0280988119824,5.5093883366279774,0.6833333333333333,8332.316666666668
1,1,1,1,0,360.0,1.0,1,1.0,0.0,0.0,8.388222810119277,4.882801922586371,0.3638888888888889,4393.636111111111
1,0,2,0,0,360.0,0.0,0,1.0,0.0,0.0,8.17413934342947,4.394449154672439,0.2222222222222222,3546.777777777778
1,1,1,0,0,360.0,1.0,0,0.0,0.0,1.0,9.816512538521721,6.2166061010848646,1.3888888888888888,18331.61111111111
1,1,2,0,1,360.0,1.0,1,0.0,1.0,0.0,8.80492526261806,5.081404364984463,0.4444444444444444,6665.555555555556
1,0,0,0,0,360.0,1.0,0,0.0,0.0,1.0,7.798112628829788,4.330733340286331,0.20833333333333334,2434.7916666666665
1,0,0,1,0,360.0,1.0,1,0.0,1.0,0.0,8.609772372709331,4.574710978503383,0.26666666666666666,5483.733333333334
1,1,1,1,0,360.0,1.0,1,0.0,0.0,1.0,8.774158291205957,5.231108616854587,0.5166666666666667,6463.483333333334
1,0,0,1,0,360.0,1.0,1,1.0,0.0,0.0,8.213923595622743,4.709530201312334,0.3055555555555556,3690.6944444444443
0,0,0,1,1,360.0,1.0,1,0.0,1.0,0.0,9.756378687497916,5.420534999272286,0.625,17262.375
1,1,0,0,0,360.0,0.0,0,1.0,0.0,0.0,8.657824321155983,4.787491742782046,0.33055555555555555,5753.669444444445
0,1,1,0,0,84.0,1.0,1,0.0,1.0,0.0,8.352318548226004,4.663439094112067,1.25,4237.75
1,1,0,1,0,360.0,1.0,1,1.0,0.0,0.0,8.366602832783736,4.68213122712422,0.2972222222222222,4299.702777777778
1,1,0,0,0,12.0,1.0,1,0.0,0.0,1.0,8.920389060080359,4.718498871295094,9.25,7472.75
1,1,1,0,1,360.0,1.0,1,0.0,1.0,0.0,7.971085753505607,4.564348191467836,0.2638888888888889,2894.7361111111113
1,0,0,0,0,360.0,0.0,0,1.0,0.0,0.0,9.277999020449997,5.3471075307174685,0.5805555555555556,10698.419444444444
0,0,0,0,0,480.0,1.0,1,1.0,0.0,0.0,8.37309184744198,4.736198448394496,0.23541666666666666,4327.764583333334
0,0,0,0,0,360.0,1.0,1,0.0,1.0,0.0,8.058327306580958,4.61512051684126,0.2777777777777778,3158.722222222222
1,1,2,0,0,360.0,1.0,1,0.0,1.0,0.0,9.258177701390343,5.342334251964811,0.5777777777777777,10488.422222222222
1,1,1,1,0,360.0,1.0,0,1.0,0.0,0.0,9.143452426434552,4.9344739331306915,0.38333333333333336,9351.616666666667
1,1,0,1,0,300.0,1.0,1,0.0,1.0,0.0,8.575084669832014,4.8283137373023015,0.41333333333333333,5296.586666666667
1,1,2,0,0,360.0,1.0,1,1.0,0.0,0.0,8.978029932837156,5.497168225293202,0.675,7925.325
1,1,0,0,0,360.0,1.0,1,0.0,0.0,1.0,10.221977646629885,6.175867270105761,1.3333333333333333,27498.666666666668
1,0,0,0,0,360.0,1.0,0,0.0,0.0,1.0,8.18423477409482,4.574710978503383,0.26666666666666666,3582.733333333333
1,1,0,0,1,360.0,1.0,1,0.0,0.0,1.0,8.61122983334262,5.241747015059643,0.5222222222222223,5491.477777777778
0,0,1,0,0,360.0,1.0,1,0.0,0.0,1.0,9.492733482494353,3.713572066704308,0.1111111111111111,13261.888888888889
1,0,0,1,0,360.0,1.0,0,1.0,0.0,0.0,8.494129251817686,4.61512051684126,0.2777777777777778,4884.722222222223
1,1,1,0,0,360.0,1.0,1,0.0,1.0,0.0,8.995908761263994,5.5254529391317835,0.6944444444444444,8068.305555555556
1,1,2,0,0,360.0,1.0,1,0.0,0.0,1.0,8.579040594742317,5.003946305945459,0.4111111111111111,5317.5888888888885
1,1,0,0,0,180.0,1.0,0,0.0,1.0,0.0,9.082166033252674,4.2626798770413155,0.3888888888888889,8795.611111111111
1,0,0,0,0,360.0,1.0,0,1.0,0.0,0.0,9.157150543462064,5.7430031878094825,0.8638888888888889,9480.136111111111
1,1,3,0,0,360.0,1.0,1,1.0,0.0,0.0,8.838551790227402,5.017279836814924,0.4166666666666667,6893.583333333333
0,1,2,0,0,480.0,1.0,1,0.0,1.0,0.0,8.20631072579402,4.736198448394496,0.23541666666666666,3662.764583333333
1,1,0,1,0,360.0,0.0,0,0.0,1.0,0.0,8.491875383431948,4.820281565605037,0.3416666666666667,4873.658333333334
1,0,0,0,0,360.0,1.0,0,0.0,1.0,0.0,8.794673401383422,5.225746673713202,0.5138888888888888,6597.486111111111
0,0,0,1,0,360.0,1.0,0,1.0,0.0,0.0,8.131824785007195,4.564348191467836,0.2638888888888889,3399.7361111111113
1,1,2,1,0,360.0,1.0,1,0.0,1.0,0.0,8.277666160851503,3.828641396489095,0.125,3933.875
1,0,0,0,0,360.0,1.0,1,0.0,1.0,0.0,7.824445930877619,4.02535169073515,0.1527777777777778,2499.847222222222
1,1,3,0,1,360.0,1.0,1,1.0,0.0,0.0,8.868131713503033,4.61512051684126,0.2777777777777778,7100.722222222223
1,1,2,0,1,360.0,1.0,1,1.0,0.0,0.0,9.623442907213558,6.175867270105761,1.3333333333333333,15112.666666666666
1,0,0,0,0,360.0,1.0,0,0.0,1.0,0.0,8.81996090128606,4.859812404361672,0.35555555555555557,6766.644444444444
1,1,2,0,1,360.0,1.0,1,1.0,0.0,0.0,9.770013301136158,5.993961427306569,1.1111111111111112,17498.88888888889
1,1,0,0,0,360.0,1.0,1,0.0,1.0,0.0,8.236420527265391,4.709530201312334,0.3055555555555556,3774.6944444444443
1,1,1,1,0,360.0,0.0,1,0.0,1.0,0.0,8.812248018197431,5.087596335232384,0.44722222222222224,6714.552777777778
1,0,1,1,0,360.0,1.0,1,0.0,1.0,0.0,8.289539484624141,4.553876891600541,0.2611111111111111,3980.738888888889
1,0,0,1,0,360.0,1.0,1,0.0,1.0,0.0,8.822322177471738,4.875197323201151,0.3611111111111111,6782.638888888889
1,1,0,0,0,360.0,1.0,1,1.0,0.0,0.0,8.783549477153265,5.37989735354046,0.6,6524.4
1,1,3,0,0,360.0,1.0,1,0.0,0.0,1.0,8.362175469149628,4.61512051684126,0.2777777777777778,4280.722222222223
1,0,2,0,0,360.0,0.0,0,1.0,0.0,0.0,8.185628891147607,4.709530201312334,0.3055555555555556,3587.6944444444443
1,0,1,0,0,360.0,1.0,0,0.0,1.0,0.0,9.328212292571072,5.2832037287379885,0.5444444444444444,11249.455555555556
0,0,0,1,1,360.0,1.0,1,0.0,0.0,1.0,9.80730699406216,4.836281906951478,0.3472222222222222,18164.652777777777
1,0,0,1,0,360.0,1.0,1,1.0,0.0,0.0,8.432288684325794,4.844187086458591,0.35,4591.65
1,1,0,0,0,360.0,1.0,1,0.0,0.0,1.0,9.214332393245721,5.783825182329737,0.9,10038.1
1,0,2,0,0,360.0,1.0,1,0.0,1.0,0.0,8.193676665955241,4.68213122712422,0.2972222222222222,3616.7027777777776
1,1,0,1,0,360.0,1.0,0,1.0,0.0,0.0,8.147288258706624,4.204692619390966,0.18333333333333332,3452.8166666666666
1,1,3,0,0,180.0,1.0,1,1.0,0.0,0.0,8.766861821669803,5.062595033026967,0.8722222222222222,6416.127777777778
0,1,1,0,0,180.0,1.0,1,0.0,1.0,0.0,8.916506080039204,4.948759890378168,0.7777777777777778,7452.222222222223
0,0,0,0,0,360.0,0.0,0,0.0,1.0,0.0,7.668093709082406,4.605170185988092,0.275,2137.725
0,0,1,0,0,360.0,1.0,1,0.0,1.0,0.0,8.203304026795282,4.564348191467836,0.2638888888888889,3651.7361111111113
1,1,1,1,0,360.0,1.0,1,0.0,0.0,1.0,8.46884293047519,4.859812404361672,0.35555555555555557,4762.644444444444
0,1,0,1,0,360.0,1.0,1,0.0,1.0,0.0,8.210939733379021,4.634728988229636,0.2833333333333333,3679.7166666666667
1,1,0,0,0,360.0,1.0,1,1.0,0.0,0.0,8.459352191726387,5.049856007249537,0.4305555555555556,4717.569444444444
1,0,0,1,0,36.0,1.0,0,0.0,1.0,0.0,8.119398589612294,4.394449154672439,2.2222222222222223,3355.777777777778
1,0,0,0,0,360.0,1.0,1,1.0,0.0,0.0,8.368693183097793,4.983606621708336,0.4027777777777778,4308.597222222223
0,0,0,0,0,360.0,0.0,0,0.0,1.0,0.0,8.517393171418904,4.6443908991413725,0.2861111111111111,4999.7138888888885
1,1,0,0,0,360.0,1.0,1,1.0,0.0,0.0,8.4767877767812,4.709530201312334,0.3055555555555556,4800.694444444444
1,1,2,0,1,360.0,0.0,0,1.0,0.0,0.0,8.799963219506997,4.859812404361672,0.35555555555555557,6632.644444444444
1,1,1,1,0,360.0,1.0,1,1.0,0.0,0.0,8.490438454107418,4.859812404361672,0.35555555555555557,4866.644444444444
1,1,1,0,0,360.0,1.0,1,0.0,0.0,1.0,8.792397742356906,5.0689042022202315,0.4388888888888889,6582.561111111111
1,1,0,1,0,360.0,0.0,0,0.0,0.0,1.0,8.473868066677865,5.204006687076795,0.5027777777777778,4786.497222222222
1,1,0,0,0,180.0,0.0,0,1.0,0.0,0.0,8.969541885423252,4.890349128221754,0.7333333333333333,7858.266666666666
1,1,1,0,0,360.0,1.0,1,0.0,1.0,0.0,8.77971129020447,3.295836866004329,0.07222222222222222,6499.927777777778
0,0,0,0,0,360.0,1.0,1,0.0,0.0,1.0,8.36474106822456,4.442651256490317,0.23333333333333334,4291.766666666666
1,1,3,0,1,360.0,1.0,1,0.0,1.0,0.0,9.224243277145174,5.564520407322694,0.7222222222222222,10138.277777777777
1,1,0,0,0,360.0,1.0,1,0.0,1.0,0.0,8.788288460263619,5.093750200806762,0.45,6555.55
0,1,0,0,0,360.0,1.0,1,0.0,1.0,0.0,8.777555453213056,5.209486152841421,0.5055555555555555,6485.4944444444445
1,1,2,1,0,360.0,1.0,1,0.0,1.0,0.0,8.273336598504486,4.6913478822291435,0.3,3916.7
0,1,1,0,1,360.0,1.0,1,0.0,1.0,0.0,9.87740021777281,6.398594934535208,1.6666666666666667,19482.333333333332
1,1,0,0,0,360.0,1.0,1,1.0,0.0,0.0,8.984443032465352,5.356586274672012,0.5861111111111111,7976.413888888889
1,0,0,1,1,360.0,1.0,1,0.0,1.0,0.0,8.665785595466064,4.890349128221754,0.36666666666666664,5799.633333333333
1,1,2,0,0,360.0,0.0,0,0.0,0.0,1.0,9.082507000466299,5.556828061699537,0.7166666666666667,8798.283333333333
1,1,0,1,0,360.0,1.0,1,1.0,0.0,0.0,8.404696160189092,4.795790545596741,0.3333333333333333,4466.666666666667
1,0,0,0,0,360.0,1.0,1,0.0,0.0,1.0,8.111928063310739,4.2626798770413155,0.19444444444444445,3332.8055555555557
1,1,3,0,0,360.0,0.0,0,1.0,0.0,0.0,8.682877107057168,4.820281565605037,0.3416666666666667,5899.658333333334
0,0,0,0,0,360.0,1.0,0,0.0,0.0,1.0,7.774435510302958,2.302585092994046,0.025,2377.975
1,1,0,0,0,360.0,0.0,0,0.0,0.0,1.0,8.562357743370612,4.653960350157523,0.28888888888888886,5229.711111111111
1,1,1,0,0,360.0,1.0,1,0.0,0.0,1.0,8.550241045462437,5.231108616854587,0.5166666666666667,5166.483333333334
1,1,0,0,0,360.0,0.0,0,0.0,0.0,1.0,8.789964651132264,5.111987788356544,0.4583333333333333,6566.541666666667
1,1,2,0,0,360.0,1.0,1,0.0,0.0,1.0,9.721185995542177,5.62040086571715,0.7638888888888888,16665.23611111111
1,1,2,1,0,480.0,1.0,0,0.0,1.0,0.0,8.955577146281511,5.236441962829949,0.38958333333333334,7749.610416666666
1,1,3,0,0,360.0,1.0,0,0.0,1.0,0.0,8.765146421639022,5.017279836814924,0.4166666666666667,6405.583333333333
1,1,2,0,0,84.0,1.0,1,0.0,0.0,1.0,8.19450550976564,4.6913478822291435,1.2857142857142858,3618.714285714286
1,1,0,0,0,360.0,0.0,0,0.0,1.0,0.0,8.575084669832014,4.919980925828125,0.37777777777777777,5296.622222222222
1,0,0,0,0,360.0,1.0,1,0.0,0.0,1.0,8.69433468816865,4.709530201312334,0.3055555555555556,5967.694444444444
1,1,1,0,0,360.0,1.0,1,1.0,0.0,0.0,8.297792626380861,4.68213122712422,0.2972222222222222,4013.7027777777776
1,0,0,0,0,360.0,1.0,1,0.0,0.0,1.0,8.716044050161402,5.087596335232384,0.44722222222222224,6098.552777777778
1,1,2,0,0,360.0,1.0,1,0.0,1.0,0.0,8.785845337961213,5.327876168789581,0.5694444444444444,6539.430555555556
1,0,0,0,0,360.0,1.0,0,0.0,0.0,1.0,10.482177411118249,4.51085950651685,0.25,35672.75
0,1,0,0,0,360.0,1.0,1,0.0,1.0,0.0,8.06054004653864,3.6109179126442243,0.1,3165.9
1,1,1,0,0,360.0,1.0,0,1.0,0.0,0.0,7.53955882930103,4.127134385045092,0.16944444444444445,1879.8305555555555
1,1,1,0,0,360.0,0.0,0,1.0,0.0,0.0,8.45638105201948,4.990432586778736,0.40555555555555556,4703.594444444445
1,1,1,0,0,84.0,1.0,0,1.0,0.0,0.0,8.8934354408475,5.153291594497779,2.0476190476190474,7280.952380952381
1,1,0,0,0,360.0,1.0,1,0.0,0.0,1.0,8.24800570160062,4.653960350157523,0.28888888888888886,3818.711111111111
0,0,0,1,0,360.0,1.0,1,0.0,1.0,0.0,7.680637427560936,4.2626798770413155,0.19444444444444445,2164.8055555555557
1,0,0,0,0,360.0,1.0,1,0.0,1.0,0.0,8.46611040118692,4.553876891600541,0.2611111111111111,4749.738888888889
1,1,2,0,1,360.0,0.0,0,0.0,1.0,0.0,7.910957382845589,4.672828834461906,0.29444444444444445,2725.7055555555557
1,1,0,0,0,180.0,1.0,1,0.0,1.0,0.0,8.766705997750515,4.04305126783455,0.3111111111111111,6415.688888888889
1,1,2,0,1,240.0,1.0,0,0.0,1.0,0.0,8.699681400989514,5.327876168789581,0.8541666666666666,5999.145833333333
1,0,3,0,1,360.0,1.0,1,0.0,1.0,0.0,9.143986871426161,5.680172609017068,0.8111111111111111,9356.18888888889
1,1,0,0,0,180.0,1.0,1,1.0,0.0,0.0,8.87626525995469,4.962844630259907,0.7888888888888889,7158.211111111111
1,1,0,0,1,360.0,1.0,1,0.0,0.0,1.0,9.687878048875998,5.564520407322694,0.7222222222222222,16119.277777777777
1,0,0,1,0,360.0,1.0,1,1.0,0.0,0.0,8.251663923605589,4.709530201312334,0.3055555555555556,3832.6944444444443
1,1,2,1,1,360.0,1.0,0,1.0,0.0,0.0,8.907070776182689,5.236441962829949,0.5194444444444445,7382.480555555556
1,0,0,0,0,360.0,0.0,0,0.0,1.0,0.0,8.002359546252707,4.48863636973214,0.24444444444444444,2986.7555555555555
1,1,0,0,1,360.0,1.0,1,1.0,0.0,0.0,9.20673387638207,5.198497031265826,0.5,9962.5
1,1,2,0,0,360.0,1.0,1,0.0,0.0,1.0,8.662331957082475,5.262690188904886,0.5333333333333333,5779.466666666666
0,0,3,0,0,180.0,1.0,0,0.0,0.0,1.0,10.647422899928179,5.860786223465865,1.9444444444444444,42081.055555555555
1,1,0,1,0,360.0,1.0,1,1.0,0.0,0.0,8.645938147306799,5.049856007249537,0.4305555555555556,5685.569444444444
1,1,3,0,0,360.0,1.0,1,0.0,0.0,1.0,8.648922962094131,4.859812404361672,0.35555555555555557,5702.644444444444
1,0,0,0,0,360.0,1.0,1,1.0,0.0,0.0,8.984443032465352,5.153291594497779,0.4777777777777778,7976.522222222222
0,1,1,0,0,360.0,1.0,1,0.0,1.0,0.0,9.392745258631441,6.208590026096629,1.3777777777777778,11998.622222222222
1,1,0,1,0,180.0,1.0,0,0.0,0.0,1.0,8.732465848349879,4.859812404361672,0.7111111111111111,6199.288888888889
1,1,1,0,0,360.0,1.0,1,0.0,1.0,0.0,8.682877107057168,5.159055299214529,0.48055555555555557,5899.519444444444
1,1,2,1,0,360.0,1.0,1,1.0,0.0,0.0,8.593969030218288,5.062595033026967,0.4361111111111111,5397.563888888889
1,1,0,0,0,360.0,1.0,1,1.0,0.0,0.0,8.553139318189707,4.6913478822291435,0.3,5181.7
0,0,0,0,0,360.0,1.0,1,1.0,0.0,0.0,7.972810784121404,4.276666119016055,0.19722222222222222,2899.802777777778
1,1,3,0,0,180.0,1.0,1,1.0,0.0,0.0,8.320448113956559,3.713572066704308,0.2222222222222222,4105.777777777777
1,1,1,0,0,360.0,1.0,1,0.0,0.0,1.0,9.025575833531088,5.537334267018537,0.7027777777777777,8311.297222222222
1,1,2,0,0,360.0,1.0,1,0.0,0.0,1.0,8.933796043934858,5.236441962829949,0.5194444444444445,7582.480555555556
0,0,0,0,1,360.0,0.0,0,0.0,1.0,0.0,8.430327258394575,4.897839799950911,0.36944444444444446,4582.6305555555555
